seed,decoder,inputs,median_nse_change,median_paired_basin_change,fraction_improved
0,lstm,raw,-0.01400189057789325,-0.002962549666834624,0.480225988700565
0,tcn,raw,0.012865887888686589,0.014115871909785138,0.632768361581921
0,lstm,hybrid,0.04859932786493015,0.04395316657850856,0.775894538606403
0,tcn,hybrid,0.04617585974516836,0.03709004988482423,0.7947269303201506
0,patch,latent,0.10105565016443319,0.08087842615656027,0.9322033898305084
1,lstm,raw,0.004018962994664421,0.0013443941709642138,0.512241054613936
1,tcn,raw,0.019490198853043372,0.011400742056764668,0.6346516007532956
1,lstm,hybrid,0.04292220891224929,0.045390987709854724,0.7664783427495292
1,tcn,hybrid,0.04311610570800084,0.04459155804755066,0.8041431261770244
1,patch,latent,0.10147228424832633,0.09078905534176773,0.9303201506591338
