tag,seed,decoder,inputs,sampling,median_nse,unique_starts,training_seconds
window_lstm_raw_fixed_s0,0,lstm,raw,fixed,0.692159034471352,79,1342.7395281791687
window_lstm_raw_daily_s0,0,lstm,raw,daily,0.6781571438934587,4966,1331.706354379654
window_tcn_raw_fixed_s0,0,tcn,raw,fixed,0.6782696769603883,79,1536.933079957962
window_tcn_raw_daily_s0,0,tcn,raw,daily,0.6911355648490749,4966,1536.7951414585114
window_lstm_hybrid_fixed_s0,0,lstm,hybrid,fixed,0.6696548788888483,79,2565.8952946662903
window_lstm_hybrid_daily_s0,0,lstm,hybrid,daily,0.7182542067537785,4966,2570.9265656471252
window_tcn_hybrid_fixed_s0,0,tcn,hybrid,fixed,0.670832341090711,79,2717.622567176819
window_tcn_hybrid_daily_s0,0,tcn,hybrid,daily,0.7170082008358794,4966,2724.30996465683
window_patch_latent_fixed_s0,0,patch,latent,fixed,0.5763931224490536,79,1261.8057260513306
window_patch_latent_daily_s0,0,patch,latent,daily,0.6774487726134868,4966,1250.9632201194763
window_lstm_raw_fixed_s1,1,lstm,raw,fixed,0.6868932906431789,79,1291.3992483615875
window_lstm_raw_daily_s1,1,lstm,raw,daily,0.6909122536378434,4967,1294.5620875358582
window_tcn_raw_fixed_s1,1,tcn,raw,fixed,0.6702515953680599,79,1525.2436752319336
window_tcn_raw_daily_s1,1,tcn,raw,daily,0.6897417942211033,4967,1530.696662902832
window_lstm_hybrid_fixed_s1,1,lstm,hybrid,fixed,0.6814189090747704,79,2552.107668399811
window_lstm_hybrid_daily_s1,1,lstm,hybrid,daily,0.7243411179870197,4967,2538.6360750198364
window_tcn_hybrid_fixed_s1,1,tcn,hybrid,fixed,0.672411469107505,79,2805.9155519008636
window_tcn_hybrid_daily_s1,1,tcn,hybrid,daily,0.7155275748155059,4967,2824.015297651291
window_patch_latent_fixed_s1,1,patch,latent,fixed,0.5771638250901282,79,1159.790207862854
window_patch_latent_daily_s1,1,patch,latent,daily,0.6786361093384545,4967,1165.8402054309845
