model,epoch,median_nse
benchmark_lstm_daily_s0,100,0.7182542067537785
benchmark_lstm_daily_s0,200,0.7122430766009029
benchmark_lstm_daily_s0,300,0.7006799887149144
benchmark_lstm_daily_s1,100,0.7243411179870197
benchmark_lstm_daily_s1,200,0.7075300765113368
benchmark_lstm_daily_s1,300,0.7045321134840161
benchmark_lstm_daily_s2,100,0.7113383027323632
benchmark_lstm_daily_s2,200,0.7063181148459872
benchmark_lstm_daily_s2,300,0.6934992306358709
benchmark_tcn_daily_s0,100,0.7097685222993664
benchmark_tcn_daily_s0,200,0.7117196506747374
benchmark_tcn_daily_s0,300,0.7110408807198778
benchmark_tcn_daily_s1,100,0.7130618232421152
benchmark_tcn_daily_s1,200,0.7086549733284627
benchmark_tcn_daily_s1,300,0.706534945813518
benchmark_tcn_daily_s2,100,0.7128685588600037
benchmark_tcn_daily_s2,200,0.7123142409296174
benchmark_tcn_daily_s2,300,0.7110121133525937
